season,total_games,mae,rmse,r2,within_5_pct,within_10_pct,unique_players
2024-25,25234,4.664371967315674,6.050304889678955,0.5278580784797668,63.3351826900214,91.03590393912975,530
