fold,name,train_size,test_size,train_mae,test_mae,test_rmse,test_r2,within_3,within_5,within_10
1,Train: 2021-2023 | Test: 2023-2024,45391,25248,4.569383144378662,4.6791791915893555,6.0637922286987305,0.5460049510002136,40.011089987325725,63.26837769328264,90.8745247148289
2,Train: 2021-2024 | Test: 2024-2025,70639,25234,4.583899974822998,4.728571891784668,6.139012813568115,0.5139117240905762,40.128398192914325,62.669414282317504,90.67131647776809
3,Train: 2021-2025 | Test: 2025-2026,95873,9597,4.613615036010742,4.758486747741699,6.185908794403076,0.5259725451469421,40.033343753256226,62.36323851203501,90.17401271230592
