fold,name,train_size,test_size,train_mae,test_mae,test_rmse,test_r2,within_3,within_5,within_10
1,Train: 2021-2023 | Test: 2023-2024,45391,25248,4.567923545837402,4.680655479431152,6.062986850738525,0.5461255311965942,40.04277566539924,63.04657794676805,90.86660329531053
2,Train: 2021-2024 | Test: 2024-2025,70639,25234,4.584675312042236,4.726680278778076,6.136294364929199,0.514342188835144,40.01347388444162,62.77244986922407,90.71490845684394
3,Train: 2021-2025 | Test: 2025-2026,95873,8300,4.6140546798706055,4.793350696563721,6.219294548034668,0.5214020013809204,39.734939759036145,61.783132530120476,89.91566265060241
