season,total_games,mae,rmse,r2,within_5_pct,within_10_pct,unique_players
2024-25,25234,4.633261680603027,6.017032623291016,0.5330366492271423,63.592771657287784,91.08742173258302,530
