season,total_games,mae,rmse,r2,within_5_pct,within_10_pct,unique_players
2024-25,25234,4.66108512878418,6.046295642852783,0.5284835696220398,63.18459221685028,91.10327336133788,530
